SKU,Stock
GLOW-1PK,18.00
CLEANSE,4.00
SLEEP,6.00
AIBB,0
WSBODYPACK,0.00
BODYCHOC,0.00
BBK,0.00
book,1.00
PSR,3.00
SD183,0.00
SDTR,0.00
193954,0.00
190045,0.00
193923,0.00
194012,2.00
193985,4.00
194043,5.00
190700,2.00
194463,5.00
190526,0.00
193626,0.00
190915,0.00
190649,0.00
190281,3.00
194432,2.00
190373,2.00
193862,0.00
190977,3.00
190731,13.00
190199,10.00
190885,4.00
194678,1.00
190496,8.00
190342,3.00
193893,2.00
190854,3.00
190762,12.00
194647,4.00
190670,4.00
190311,10.00
190403,4.00
190168,3.00
190946,7.00
194494,0.00
,0.00
EBME,3.00
EBBB1,0.00
EBSMB,
EBFM5,0.00
EBEB,7.00
EBIR,0.00
EBPM,2.00
EBFO,4.00
EBTMS,0.00
EB1CM,4.00
EB2TM,3.00
EB4TL,6.00
EB3AS,4.00
EBTJ1,0.00
EBTB1,0.00
EBTJ2,0.00
EBTB2,0.00
EBTJ3,0.00
EBTB3,0.00
EBTJ4,0.00
EBTB4,0.00
SS90,
MM90,0.00
MC50,0.00
LVCE240,2.00
SDSM240,0.00
CAIS15,0.00
FM50,0.00
MMHC15,0.00
FECC15,0.00
NEC50,0.00
BLC15,3.00
VM50,0.00
HV50,0.00
ELAA30,0.00
NAP30,3.00
PFO30,4.00
MS101,1.00
MS202,4.00
MS103,4.00
MS204,4.00
MS105,3.00
MS206,3.00
MS107,6.00
MS208,5.00
MS304,2.00
MS306,5.00
MS307,5.00
MS301,5.00
MS303,2.00
MS302,4.00
MS309,3.00
MS312,1.00
MS311,0.00
MS313,3.00
MS401,3.00
MS403,1.00
MS402,4.00
MS404,3.00
MS702,5.00
SSS,
AS-AIA,2.00
AS-BF7,3.00
AS-FAK,10.00
AS-G,5.00
AS-IQ,5.00
AS-M,20.00
AS-MPP,4.00
AS-PW,13.00
AS-SS,7.00
AS-SP,8.00
AS-S,6.00
AS-U,8.00
AS-W,15.00
AS-FAKS,5.00
AS-GGD,0.00
VLWR755,5.00
VLFAB005,0.00
VLWR112,5.00
COSRX4,0.00
COSRX1,8.00
COSRX8,0.00
COSRX5,5.00
COSRX2,0.00
COSRX6,34.00
COSRX12,2.00
COSRX3,0.00
COSRX16,18.00
COSRX13,
COSRX11,0.00
COSRX7,2
COSRX9,0.00
COSRX10,0.00
VLWR766,0
VLPT114,1
VLWR695,0.00
VLWR113,3.00
FGSTD200,18.00
FGSEN200,16.00
FGCOC200,16.00
FGSTD400,10.00
FGCMILK,6.00
FGZINC,0.00
FGPAW25,1.00
SCRCC0100,0.00
SLMSCC0210,2.00
HC-G-MHR-60,2.00
HC-G-CL-60,0.00
OO30,26.00
HW-PET-MHR-500,0.00
HW-PET-CL-500,0.00
BCHWMHRP01R,0.00
BCHWCLGP501R,0.00
BF-PET-BRV-500,0.00
DB-TIN-PL-60,0.00
HMDWKLP01L,0.00
HC-PET-LBKC-220,0.00
HC-PET-LBKS-220,0.00
SKCCCSMP220,0.00
SKFCCSMG050,0.00
TBAILP,0
TBABLT,0
TBALLT,0.00
TBASLT,0
TBAELC,0
TBATLC,0
TBAEIC,0.00
TBAEMIC,0
TBARPB,0
TBAEEC,0.00
TBAREC,0.00
TBAEVEC,0
TBASEC,0
TBAMS,0
EBFO-1,7
EBTL,3.00
83836400128,3.00
EBCE,4.00
EBRT,4.00
EBGSS,0.00
190618,2.00
194791,0.00
BAXHMT,2.00
BAXCMA,3.00
BAXFS,3.00
83836400167,6.00
83836400177,4.00
83836400301,0.00
83836400451,0.00
BAXSCB,3.00
BAXVCB,0.00
BAXEB,0.00
BAXDCB,2.00
BAXIBLP,2.00
BAXIBCM,2.00
BAXM,0
BAXD,2.00
HMBSWGFG500,0.00
CAIS30,0
271,5.00
DYD,7.00
DYD270,10.00
XCT,0.00
IDR,6.00
IDR60,1.00
IHK60,0.00
IHK120,0.00
IHHR,0
OTG30,2.00
OTG60,2.00
IHC,0.00
IHC90,1.00
IHCDF90,0.00
LVD,0
LVD60,0.00
ZINC,0
MIB,6.00
MMGP,2.00
MMGPC,2.00
MMG120,3.00
MMG,4.00
SMP,1.00
TRB,0
IHCANDX,1.00
IHDI20,0.00
IHDD20,3.00
IHIBSC,0
HOTACTSUB,3.00
HOTCALK2,2.00
HOTCHIMUL,2.00
HOTCLE,2.00
HOTACTBS,4.00
HOTBIOM,0
HOG151,1.00
HOPCOLG,0.00
HOTCRA,2.00
HOTDIG,0.00
HOTECH,1.00
HOTGIN6000,2.00
HOTGLUMAXL,2.00
HOTGOU,0.00
HOTHAYL,2.00
HOTMACM,1.00
HOTMAGCIT,3.00
HOTMEML,1.00
HOLSIL,2.00
HOTSLE,1.00
HOTSLEL,3.00
HOTSTM,2.00
HOTSTR,1.00
HOTVB1,0.00
HOTVB3500,2.00
HOTVB6,1.00
HOTACTB,2.00
HOTBIO,2.00
OBRTALL,2.00
OBRTANX,3.00
OBRTANXL,3.00
OBRTAST,2.00
OBRTASTL,2.00
OBRTBAC,1.00
OBRTBACL,0.00
OBRTBREL,0.00
OBRLBRO,1.00
OBRTBRO,3.00
OBRTCAL,0.00
OBRTCYS,2.00
OBRTCYSL,0
OBRTDET,0
OBRTFEM,0.00
OBRTGAR,0.00
OBRTGLU,0.00
OBRTGUT,0
OBRTKID,2.00
OBRTLIV,0.00
OBRTMUL,0
OBRTPHY,0.00
OBRTSIN,3.00
TGK,0
BCTARM,1.00
BCTARML,5.00
BCTCHE,0.00
BCTZIN,0.00
BCTUBI150,0
BCTUBI300L,0.00
BCTULTMUS,0
BCTLAC,0.00
BCTMEG,0.00
BCTGLUT,2.00
BCTINNNEW,0.00
BCTINNLNEW,0.00
BCTARMPRE,1.00
BCPJARM,1.00
BCTULTCS,0.00
BCTULTCM,0
54658,0
164272,0.00
BCTPROS,0
BCTJULTC,0.00
BCTACE,3.00
BCLZIN,2.00
BCTULT85L,0
BCTULT85,0
BCTULT45,1.00
BCTMENS,0
BCTWOM,0.00
BCPULTFB,2.00
BCTULTIBS,1.00
75209,0
201237,0
BCTJULBT,0
BCTSLE,0.00
BCTADV,0.00
BCTTHETRI,0
BCTLIVPHA,0.00
BCLLIPMET,0.00
BCTULTKRI,0.00
BCTADR,1.00
BCLIOD,0.00
BCPULTNIG,3.00
BCTURI,0.00
BCTTHE,2.00
BCTFOL,0.00
BCPINT,1.00
BCTCHON,0.00
BCTCOGSUP,0.00
BCCULT,4.00
BCTMETB12,0
BCTVIRS,3.00
BCTINNP,0.00
BCPULTPOTC,3.00
BCPBAB,0.00
29829,0
BCLD3FOR,0.00
210588,0
8087,0
978371,0
201171,0
BCTD3L,1.00
BCTSBF,0.00
BCTULT60L,1.00
210877,0
170627,0
37850,0
600056,0
16928,0
FRUF300,1.00
FTF450,3.00
FSTEATREE,0.00
FSBLUE,0.00
JARTBRI,0.00
JARTCS,0.00
600634,2.00
EBSHSC,16.00
EBTJ7,0.00
MB10106,-1.00
MB10103,2.00
MB10105,1.00
MB10805,4.00
MB10403,3.00
MB10401,7.00
MB10405,1.00
MB10206,4.00
MBLCB,0
MB10202,3.00
MB10205,2.00
ORG01,12.00
ORG03,13.00
P-GOM,0.00
P-CPM,0.00
ORG02,9.00
VIMEP,46
VIMHPS,5
6-0228,0.00
6-0242,0.00
6-0216,0.00
6-1209,0.00
6-1211,1.00
1-0822,0.00
6-1303,0.00
14-022,0.00
1-0709,0.00
6-0240,0.00
1-0627,0.00
4-0801,0.00
6-0258,0.00
6-0308,0.00
9-1003,1.00
6-1516,2.00
6-0605,0.00
6-1401B,2.00
6-1401P,2.00
6-1419,0.00
15000005,0.00
1935615,2.00
JSHCS450,1.00
JSHCC450,2.00
35827,2.00
8049264,3.00
15768,4
224354,4.00
15782,6
JSHSM584,3.00
8124947,4.00
36770,5.00
74100,5.00
74145,0.00
74114,0.00
74146,0.00
74113,0.00
74141,3.00
74105,7.00
25112,36.00
P-GMC,0.00
P-GMM,0.00
P-GTT,0.00
P-VCL,0.00
P-GT,0.00
P-VCTT,0.00
P-VCTL,1.00
P-TZM,1.00
P-IS,0.00
P-GTS,1.00
P-VCS,0.00
P-GTC,0.00
P-VCC,0.00
P-VCB,0.00
P-HMS,0.00
P-BSC,0.00
P-JOB,0.00
P-OGS,0.00
P-ROB,-2.00
P-PG,1.00
P-PP,0.00
BAXSG,2.00
8.38E+11,0
BHSBL,3.00
BAXSF,2.00
FFB,12.00
PRIMER,2.00
OEIBB,3.00
TWK,0
WELL,1.00
COSRX15,0.00
COSRX14,1.00
EBMRP,3.00
EBESYO,2.00
EBNCP,0.00
EBMR,6.00
EBHL,4.00
EBSNHG,2.00
EBTB10,0.00
EBTB5,0.00
EBTB7,0.00
EBTJ10,0.00
EBTJ5,0.00
FGSEN400,9.00
FGWIP25,0.00
MS305,3.00
MS406,3.00
MS314,3.00
MG30,0.00
PFTO30,7.00
RP30,1.00
150902,0.00
BCBLBVRG300,0.00
BCHCBOH060,0.00
BCHWBOHP500,0.00
HMDWCLGP01L,0.00
BL-G-CA-300,0.00
BL-G-CCM-300,0.00
BW-PET-CCM-500,0.00
BW-PET-KFLV-500,0.00
BYBWLVRP220,0.00
RB-G-MKM-60,0.00
BCHCSRGG060,0.00
BCHWSRGP500,0.00
SF-PET-TTC-150,0.00
SD0023,17.00
SD0025,30.00
SD0024,15.00
194920,0.00
190823,1.00
194555,2.00
194760,3.00
194708,3.00
194074,3.00
194982,12.00
194951,15.00
194739,3.00
194852,3.00
TONBS,0.00
VLFAB001,4.00
5500022,6.00
p-gb-bvc19,0.00
P-GP-BOBO19,0.00
P-SBLBCR,0
P-SBLBPP,0.00
P-SBLBRR,0.00
P-SBLBSP,0.00
P-SBLBSS,0.00
P-VCM,0.00
41005,0
41006,1.00
41018,0.00
41013,0.00
41014,0.00
41022,0.00
43000,0.00
43001,-1.00
43009,0.00
HYD71,0.00
HYD74,0.00
411172,16.00
411175,2.00
411157,0.00
411174,4.00
411063,0.00
411171,4.00
411176,5.00
411170,11.00
411159,5.00
411173,4.00
411167,1.00
411168,3.00
411169,1.00
411162,0.00
411163,4.00
411164,6.00
411187,2.00
S030,0.00
PERFAC,8.00
SWEFAC,8.00
TIRFAC,18.00
EBDTX,4.00
EBDEW,2.00
RBSAB,0.00
RCSBOWL,4.00
BCBFYYBP500,0.00
SMLY,4.00
SMAI,3.00
HAN10,1.00
HAN200,0.00
AS-BF8,7.00
AS-BD,10.00
1000-10,5.00
P-GT15,0.00
P-GMMM,0
74198R,6
58431,1
58432,2
58433,2
58429,2
58434,3
58428,2
58430,2
GILLY200,5.00
GILLY101,6.00
GILLY102,6.00
GILLY103,4.00
COLLAGEN,6
HYDRATION,2.00
ADAPTOGEN,2.00
OU10,13.00
BCGG,0.00
1000-82,11.00
BCBB,0.00
SOAPCUC,5.00
BATHGRE,0.00
BONFRA,0.00
SOAPGER,1.00
BATHROS,0.00
BATHGER,0.00
SOAPFRA,0.00
SALTFRA,0.00
SALTCUC,0.00
BONMIL,0.00
BATHGRA,0.00
SOAPVIO,3.00
BATHLIM,0.00
BONGRE,0.00
SOAPLIM,-1.00
SOAPROS,-1.00
SOAPGRE,0.00
BATHVIO,1.00
BONGER,0.00
BONMAN,0.00
SOAPGRA,1.00
BONVIO,0.00
41007,0.00
41011,-1.00
43004,1.00
43007,1.00
43014,1.00
43017,0.00
43019,1.00
43024,-2.00
43027,-1.00
43029,1.00
41015,0.00
PM74,3.00
PM135,2.00
PM132,0.00
PM76,0.00
PM77,2.00
PM136,1.00
PM137,1.00
PM73,2.00
9090801,1.00
9090561,4.00
9070501,3.00
p-gb-bvc18,0.00
74200R,0.00
AS-IW,6.00
AS-WF,4.00
AS-DB,6.00
AS-MS,5.00
AS-SPT,4.00
AS-P,8.00
VLWR939,3.00
VLWR940,4.00
flashy,2.00
eyesee,0.00
purpleheart,0.00
jellybean,0.00
goldfish,1.00
bluepom,1.00
orchid,1.00
kitpom,0.00
natpom,1.00
2.171,0
2.231,0
CLMBPK,0.00
CLMHMPK,0.00
CLMYPK,0.00
CLMHTBFPK,0.00
CLMSPK,0.00
CLMSTPK,0.00
CLMMLCPK,0.00
AR306,2.00
AR241,0.00
AR304,3.00
AR301,0
AR245,9.00
AR242,8.00
AR243,7.00
AR244,6.00
AS-IL,5.00
DJ2015,0.00
DJ6001,1.00
DJ7413,0.00
LEPL089,0.00
LEPL095,0.00
KC2001E,0.00
MH158970,0.00
DJ3341,4.00
DJ5063,0.00
DJ8132,0.00
DJ8545,2.00
DJ8773,0.00
DJ3572,0.00
19111,11.00
Pinkpeach,0.00
star,0
jellysnakes,1.00
supernova,0.00
goldmirr,0.00
bracemauve,0.00
bracegold,0.00
bracegb,0.00
bracepink,0.00
FLORBLA,0.00
FLORFOR,0.00
FLORRED,0.00
daisrain,0.00
FLORMUS,0.00
shimmeringfish,0.00
rainbowstar,1.00
selma,0.00
watermelon,0.00
41032,0.00
41033,0.00
41039,2.00
41040,0.00
M9803MS,-4.00
AN,0.00
IGTBH,0.00
MGC,0.00
AUSED,0.00
MEX,0.00
TQL,1.00
HL,0.00
DT,0.00
UDT,0.00
55000036,3.00
55000067,0.00
JSH450-CB,1.00
JSH450-VB,2.00
5000118,5.00
5000125,2.00
55000132,2.00
SKC35,4.00
WLB02,2.00
SKC36,4.00
SKC37,4.00
WKBWS,1.00
WKBWF,-1.00
WKBWFM,0.00
WKBWP,0.00
WKBP,1.00
WKBB,0.00
WKBWR,1.00
WKBWW,0.00
WKBWL,0.00
WKBWU,0.00
WKBWD,3.00
WKBWB,2.00
VALKYRIE,0.00
ASHER,2.00
CALYPSO,3.00
OLETTE,-1.00
PIPPY,5.00
1000-83,0
1000-84,4.00
BGBL,0.00
GY,1.00
JTB,0.00
BCIBS,1.00
BCIF,3.00
P-ORO,0.00
P-VCBP,0.00
P-ORC,2.00
P-REC,0.00
P-RTC,1.00
P-RTT,2.00
P-DM,0.00
P-RTTL,2.00
P-BE,0.00
MB10526,3.00
MB10527,0.00
SDIEC,23.00
BJ120,91.00
COSRX18,4.00
COSRX19,0.00
COSRX17,2.00
NB006,5.00
NB010,0.00
NB016,2.00
NB017,2.00
NB077,5.00
NB081,3.00
NB086,8.00
NB091,4.00
DJBB,1.00
DJBBB,1.00
DJBBO,0.00
DJSB,1.00
DJWB,1.00
DJWBP,1.00
VLWR886,3.00
5000200,6.00
55000149,3.00
DIRFAC,8.00
DULFAC,6.00
8811531,5.00
8811532,2.00
8811535,4.00
8811537,1.00
8811540,3.00
8811541,3.00
8811542,2.00
8850037,2.00
8850039,2.00
8850042,4.00
8850043,4.00
DB0671,2.00
DB6851,0.00
DJ6004,1.00
DJ6006,0.00
DJ6024,0.00
KC2001D,0.00
KC2001G,0.00
KC5104R,0.00
KC5214G,0.00
MH211540,0.00
TL4761,6.00
TL4762,3.00
TL4764,5.00
TL4766,1.00
TL4767,3.00
TL4768,5.00
TL4782,2.00
TL4783,3.00
TL4784,6.00
TL4785,7.00
TL4786,6.00
TL4788,6.00
TL4821,2.00
TL8477,0.00
TL8479,1.00
DBBL,1.00
DBBRS,0.00
DBBS,0.00
DBCL,0.00
DBCS,1.00
DRPS,3.00
DRYS,0.00
KK-DITSYRABBITCS,1.00
OCBBG,0.00
OCBBL,0.00
OCBBZ,0.00
OCSGM,1.00
OCSGS,1.00
OCSLS,1.00
OCSMCS,0.00
OCSTS,1.00
RBTE,0.00
RG,1.00
RL,1.00
RLY,0.00
RP,1.00
SSZS,1.00
WBEM,0.00
WBEMS,0.00
WBES,0.00
WBKM,2.00
WBKS,0.00
MSRR200,3.00
MSC200,0
MSSB200,3.00
1000-88,5.00
1000-90,6.00
6-0309,0.00
6-0312,0.00
6-0313,0.00
Jun-08,0
C21403,0.00
HW28,3.00
HW29,1.00
HW31,2.00
HW32,5.00
HW45,2.00
HW46,2.00
HW48,1.00
WEL111,3.00
WEL112,3.00
WEL113,2.00
WEL115,2.00
WEL116,2.00
WEL162,0.00
WEL311,1.00
WEL312,2.00
WKBWPF,0.00
WKBWVC,1.00
WKBWWA,0.00
WKHSW,2.00
WKTEB,0.00
WKTEG,1.00
WKTEP,0.00
WKTER,1.00
WKTESW,1.00
WKTH,2.00
WKTHT,0.00
WKTK,0.00
AS-RS,3.00
AS-PET-BR,2.00
AS-PET-OL,2.00
AS-PET-FA,-1.00
AS-PET-TP,1.00
AS-UB,-1.00
9MIR4S6,0.00
MB10516,2.00
MB10101,3.00
MB10102,2.00
MB10225,0.00
MB21106,4.00
MB21101,5.00
191332,1.00
191097,4.00
191127,6.00
191066,7.00
191189,5.00
191158,1.00
191219,1.00
191240,0.00
191271,3.00
191301,3.00
191363,3.00
191394,4.00
191424,3.00
191455,5.00
191486,2.00
191516,3.00
191547,3.00
191578,6.00
191608,3.00
191639,6.00
191660,3.00
MB10505,4.00
MB10531,2.00
MB10532,2.00
MB11502,0.00
5BDR4S3,5.00
5CLR4S3,3.00
5HMR4S3,0.00
5BLR4S3,1.00
5MIR4S3,3.00
5BDR4S5,0.00
5CLR4S5,1.00
5LIR4S5,0.00
5OCR4S5,0.00
5HMR4S5,2.00
5BLR4S5,1.00
5MIR4S5,0.00
9BLR4S6,0.00
9NYR4S8,0.00
9HMR4S6,0.00
9OCR4S6,0.00
9LIR4S6,0.00
9CLR4S6,0.00
9BDR4S6,0.00
9NOR4S8,0.00
9NPR4S8,0.00
9NGR4S8,0.00
9MIR4S8,0.00
9BLR4S8,0.00
9LHR4S8,0.00
9HMR4S8,0.00
9OCR4S8,0.00
9LIR4S8,0.00
9CLR4S8,0.00
9BUR4S8,0.00
9BDR4S8,0.00
MB11515,1.00
MB11516,0.00
MB11505,0.00
MB11228,1.00
MB11225,1.00
MB11223,1.00
MB11201,1.00
MB21604,1.00
MB21602,1.00
MB21601,1.00
MB10119,2.00
MB10117,2.00
MB10118,2.00
MB10116,2
MB10128,1.00
FCCY340,2.00
FCCB340,1.00
FCCCO340,3.00
FCCF340,2.00
FCCK340,2.00
FCCM340,1.00
FCCR340,3.00
FCCW340,2.00
FCCT340,3.00
FCSP,3.00
FCST,5.00
FCSG,3.00
FCSGY,2.00
FCSB,4.00
FCSBL,3.00
FFCL500,1.00
FFS500,1.00
FFF500,0.00
FFD500,2.00
FFC500,3.00
MB22855,1.00
MB31960,1.00
MB31901,1.00
MB31954,1.00
MB30619,1.00
MB30819,1.00
MB31019,1.00
MB10129,2.00
MB10905,17.00
MB10617,3.00
MB10618,3.00
MB10602,2.00
191721,1.00
191752,3.00
191691,6.00
191813,2.00
191783,3.00
191844,2.00
191875,3.00
191905,5.00
191936,4.00
191998,3.00
191967,4.00
192025,1.00
192056,1.00
192087,3.00
192117,3.00
192148,2.00
192179,2.00
192209,3.00
192230,8.00
192261,3.00
192292,4.00
MB11302,3.00
MB11336,2.00
MB11312,4.00
MB11310,0.00
MB11335,0.00
MB11412,3.00
MB11401,2.00
MB21729,2
MB21730,1
MB21829,3
MB21830,3
MB10228,2.00
MB20606,5.00
MB20601,5.00
MB20603,3.00
MB10201,5.00
MB10218,3.00
MB10217,2.00
MB10219,-1.00
MB10215,1.00
MB10115,2.00
MB10125,2.00
MB10210,0.00
MB10208,2.00
MB10212,2.00
MBMCLP,1.00
MB10223,0.00
MB10123,3.00
MB10124,4.00
MB10224,0.00
MB10213,2.00
MB10214,1.00
MB10207,1.00
MGVR-UV,11.00
MGVR-O,10.00
SMOB,29.00
SMOG,2.00
SMOO,5.00
SMOP,16.00
PILLOW BLACK,4.00
PILLOW GREEN,5.00
MB21731,1.00
MB21728,2.00
MB21831,3.00
MB21828,3.00
MB21114,0.00
MB21102,2.00
MB21115,4.00
MB22035,3.00
MB22012,2.00
MB22014,2.00
MBCA,2.00
MB20112,1.00
MB20101,2.00
MBCT,1.00
MBCS,6.00
CARM,2.00
CARW,0.00
CAROB,1.00
MB20109,1.00
MB11135,0.00
MB11112,0.00
MB11102,4.00
MB11101,0.00
MB11125,2.00
MB20335,1.00
MB20312,1.00
MB20323,1.00
MB20304,1.00
MB20303,1.00
MB4GT,3.00
MB4LA,1.00
MB20309,1.00
MB21206,1.00
MB21201,1.00
MB20912,1.00
MB20901,2.00
MB20906,0.00
MB20935,0.00
8825052,1.00
8850134,2.00
8831014,3.00
8850138,2.00
8850139,5.00
8850140,3.00
8850145,3.00
8850146,3.00
8850038,3.00
8850151,4.00
8891935,2.00
8891873,6.00
12132,5.00
12152,7.00
12121,6.00
12162,10.00
12182,6.00
12101,13.00
31102,8.00
31122,5.00
11131,6.00
11151,5.00
11122,5.00
11101,3.00
16122,6.00
16132,6.00
21182,6.00
21121,7.00
21152,5.00
41181,6.00
41161,6.00
AS-PET-CC,0.00
912.93,3.00
913.31,2.00
912.07,2.00
913.41,1.00
913.09,0.00
Tinted lip vanilla,5.00
Tinted lip Peach,0.00
Tinted lip candy,1.00
Tinted lip Berry,0.00
9091042,0.00
9091041,0.00
9091040,1.00
9091119,1.00
9091396,2.00
9091164,1.00
9091352,1.00
9091254,2.00
9091010,1.00
9091274,1.00
9091271,2.00
9091397,6.00
9091339,2.00
9091206,2.00
9091259,1.00
9091354,1.00
9091153,3.00
9090901,4.00
9091053,1.00
9091006,3.00
9091118,2.00
9091338,3.00
9091367,1.00
9091016,2.00
9091065,2.00
9091056,1.00
9090997,2.00
9090995,2.00
9091049,3.00
9091199,3.00
9090301,3.00
9099801,4.00
9090101,3.00
9093101,5.00
9091501,3.00
MAVCPR,2.00
9090701,4.00
9090201,3.00
CLEAN&COMF,1.00
9091626,1.00
74111,1.00
74217,2.00
74305,3.00
74107,1.00
74143,4.00
9091246,0.00
9090996,0.00
9091213,0.00
9091350,0.00
9091048,0.00
9091132,0.00
9091305,0.00
9091215,0.00
9091225,0.00
9091481,0.00
90986.23L,1.00
90986.22l,2
9091220,0.00
9090001,0.00
9090612,0.00
DL01,0.00
PLANT16,25.00
DKABP,0.00
MAE-YD12,0.00
AC134,0.00
RBBBS,2.00
109,1.00
BWAR,0.00
AO5,1.00
RIVNS,2.00
SHIGHLAND,1.00
BPB,-5.00
HGE136S,0.00
DKABM,0.00
DPB05,0.00
HGE006-S,0.00
AA03,11.00
LMSCC12910,1.00
MBGCD,4.00
JVNB,8.00
BI13,4.00
SN175,0.00
CO3,0.00
BWF,2.00
RBBBL,3.00
MBLCSOLT,1.00
KK-OCSPMONKEYS,2.00
BI11,4.00
VLWR819,0.00
A06,1.00
PLANT15,19.00
10007285,2.00
OU15L,9.00
8811541T,1.00
M02,0.00
DL02,2.00
OCXM,2.00
DRCES,0.00
PLANT18,0.00
RSTEWART,3.00
FCTESTERCMILK,2.00
O31RMidnight,0.00
AA07,11.00
MACLEOD,3.00
LCOP4,0.00
C02,0.00
OCSMS,0.00
14829A,2.00
FGTESTERCOC200,1.00
KC5214D,0.00
13BDR88S32,0.00
MBSWRT,1.00
8811537T,1.00
12,0.00
SHPY,0.00
AOA08,6.00
MGEO-ST,0.00
18794,0.00
LDT,0.00
KCPF,0.00
AC008,0.00
VS375,0.00
TXBK050102,0.00
WKBWRRP,0.00
DKAB03P,1.00
PETALVOCHREL,0.00
SN135,0.00
AC094,0.00
JSNUFF,10.00
AKCOMBPH,0.00
O33R,0.00
9781452131597,0.00
DKMB,0.00
OCTM,1.00
BI18,1.00
AC074,0.00
MBLCRMT,0.00
WREATH89,1.00
PLANT49,1.00
PGBS,0.00
AC114,0.00
VCSNM,4.00
JHSD,6.00
CO5,2.00
M04RB,2.00
AOA07,5.00
BGBB,3.00
BI6,1.00
M03,-4.00
KRE,2.00
KWTD,6.00
WKTHO,2.00
AO3,1.00
POT26,0.00
WKTEMW,0.00
OCXZ,2.00
RC,0.00
NAUTICPAC45_00,3.00
LCOP1,0.00
WKTH1,0.00
MBMDCTT,0.00
PLANT35,3.00
SN121-1,0.00
SMGS,1.00
VIMTBM,3.00
OCZS,2.00
LEH104,0.00
OCXL,1.00
WKTKR,1.00
RBOHBB,1.00
SN115,0.00
WLB250,1.00
DL12,3.00
KSBC,57.00
KWAA,0.00
AL375,0.00
BCCC,35.00
RCNBW,2.00
8811540T,1.00
8811532T,1.00
10008642,4.00
PROT,0.00
CLAYL,4.00
PLANT10,49.00
MAE-BIB03,0.00
DKSB,1.00
BSN0,3.00
KL-C358,0.00
SN122-1,0.00
SSZM,1.00
AB05,5.00
DS08,0.00
AR21BC,1.00
WKBWPFP,0.00
RDMB,0.00
BWBPS,1.00
BTO,4.00
TOTEVIM,-1.00
EIRSMBO,8.00
HL-1452,0.00
DL04,1.00
M04,1.00
JMSM,1.00
AB02,5.00
BBU,0.00
73396603,0.00
PLANT99,1.00
DKHB,0.00
EP-0366,0.00
M01,2.00
437964,11.00
OCXG,2.00
OCXK,2.00
RBBCMB,1.00
KCA,0.00
FGPINK,3.00
DL07,4.00
BWAA,1.00
DL05,2.00
KBN,1.00
BI4,0.00
AB03,6.00
BI12,4.00
KBC,6.00
BSN1,5.00
RHBPUM,1.00
EB01-T,0.00
WKTOR,3.00
CS07210,42.00
BI3,0.00
WKBWSP,1.00
MBSWBT,2.00
AC043,0.00
SMOS,0.00
A09,1.00
DKAB03F,0.00
DS-DS07,0.00
EP-0418,0.00
WREATH149,4.00
callous,1.00
RFEF,0.00
WKBWMFP,0.00
RCBHB,4.00
BPPT,5.00
SN173,0.00
PLANT25,1.00
CLAYS,3.00
SN122-2,0.00
WKTB,0.00
WKWR,0.00
RCWBB,7.00
AC037,0.00
MBSWSTTT,0.00
VIMTBL,2.00
MBLCPT,1.00
FSC199,4.00
KINGL100,0.00
SN154,0.00
POT10,11.00
AA01,10.00
FGTESTERSTD200,1.00
RBFB,8.00
KK-WBLION,0.00
DKABF,1.00
VCSNXL,2.00
PROFILEROSES,4.00
SN195,0.00
PLANT14,7.00
EP0367,0.00
KINHL100,0.00
9781452142890,0.00
PETALVNUDEL,2.00
1198,0.00
WKBWBF,1.00
KOKL,0.00
BI1,0.00
MBMMATT,0.00
HGE172G,0.00
BI2,1.00
DJ6592,1.00
DKABS,1.00
190250,0.00
DL10,5.00
BG,0.00
PAP30,2.00
VIMTBS,3.00
KFC,2.00
M03O,2.00
DRBS,0.00
PLANT12,10.00
FGSENTESTER200,1.00
RPGCHF09,0.00
8811535T,1.00
CTFTray,0.00
8850037T,1.00
JLMITT,1.00
8811531T,1.00
BI7,0.00
MBLCBT,1.00
BI9,0.00
PLANT89,1.00
MBLC1642T,1.00
WKBWPRP,3.00
DL15,1.00
LMSDC0125,3.00
GO375,0.00
AT04,2.00
EBTB1T,0.00
HGE058-G,1.00
GIB003,0.00
RBOHB,2.00
TERL,2.00
1046,0.00
BI10,0.00
DL08,1.00
PLANT55,1.00
8811542T,1.00
PLANT26,-1.00
KRK,2.00
PPM01,0.00
KOKS,0.00
RDOGM,1.00
P11,2.00
10008640,2.00
10000441,9.00
10005204,2.00
873624,3.00
WSFBE030,-1.00
WSFBS015,3.00
WSFFSS015,0.00
10002980,0.00
WSBCS250,0.00
WSBLW375,1.00
WSFNE030,0.00
73320626,8.00
18795,2.00
18839,0.00
18765A,3.00
18773A,1.00
18777A,3.00
18766,1.00
18774,2.00
18778,3.00
18779A,2.00
18780,2.00
18753,4.00
18755,3.00
18757,1.00
18756,2.00
18758,4.00
18803,7.00
18808,3.00
18810,0.00
18806,2.00
18738,2.00
18746,3.00
18732,2.00
GCTMM,11.00
WSFCM030,0.00
TL4721,2.00
TL4724,2.00
TL4725,6.00
TL4742,6.00
TL8228,0.00
TL8335,1.00
TL8338,0.00
TL8365,1.00
TL8407,0.00
TL8456,0.00
TL8808,0.00
TL8810,1.00
TL8813,1.00
TL8814,1.00
10004299,0.00
SD42,0.00
SD26,0.00
O09R,0.00
KBTM,0.00
O18Carribean,0.00
OBS001,0.00
OFS001,5.00
OTP001,2.00
O22RDenim,0.00
WSBSS250,0.00
TH002,0.00
WSFNE010,10.00
WSFCC100,0.00
WSFPC100,0.00
WSCMB01,0.00
EIRFR,0.00
EIRST,1.00
EIRMCFS,0.00
EIRPSS,0.00
EIRABW,0.00
ABBE30,1.00
RBBE30,1.00
FBBE30,3.00
YPP12,-1.00
RPP12,0.00
SPP12,0.00
TPP12,0.00
VPP12,0.00
FPP12,0.00
10001001,0.00
10001002,0.00
10008098,2.00
10003084,1.00
FIXT10,0.00
10012396,2.00
ES12,2.00
FP,3.00
FS30,-1.00
DJ0172,0.00
DJ1650,1.00
DJ1658,1.00
DJ3130,1.00
DJ3331,0.00
DJ3612,2.00
DJ3614,8.00
DJ3755,4.00
DJ3758,4.00
DJ3761,0.00
DJ3765,8.00
DJ3766,1.00
DJ3767,8.00
DJ4491,1.00
DJ4493,0.00
DJ5061,0.00
DJ5209,0.00
DJ5216,1.00
DJ5641,1.00
DJ6005,1.00
DJ6008,3.00
DJ6009,0.00
DJ6010,2.00
DJ6011,1.00
DJ6016,0.00
DJ6018,1.00
DJ6020,0.00
DJ6021,9.00
DJ6022,1.00
DJ6025,0.00
DJ6081,1.00
DJ6083,0.00
DJ6100,0.00
DJ6108,0.00
DJ6202,2.00
DJ6213,0.00
DJ6214,3.00
DJ6500,1.00
DJ6604,0.00
DJ6606,1.00
DJ6642,1.00
DJ7452,1.00
DJ7647,1.00
DJ7649,0.00
DJ7653,0.00
DJ7655,1.00
DJ7810,0.00
DJ7901,2.00
DJ7948,3.00
DJ7950,1.00
DJ8147,1.00
DJ8348,1.00
DJ8356,2.00
DJ8443,0.00
DJ8477,0.00
DJ8488,1.00
DJ8544,1.00
DJ8548,1.00
DJ8755,2.00
DJ8758,4.00
DJ8759,3.00
DJ8777,4.00
DJ8797,1.00
DJ8827,5.00
DJ08830,0.00
DJ08839,0.00
DJ8841,4.00
DJ08842,0.00
DJ08843,0.00
DJ8877,0.00
DJ08881,7.00
DJ08884,0.00
DJ08885,1.00
DJ9095,0.00
DJ9508,5.00
DJ9517,0.00
DJ9518,2.00
DJ9727,0.00
DJ9801,4.00
DJ9838,0.00
DJ9839,1.00
DJ9855,0.00
DJ9857,2.00
10011332,2.00
10003137,2.00
SYR05,110.00
KINMP030,0.00
P0001081,1.00
P0001777,2.00
P0001776,2.00
P0001927,2.00
POOO1206,2.00
P0001185,3.00
P0001774,3.00
P0001176,4.00
738286,0.00
008608,0.00
P0000058,3.00
P0001175,4.00
P0000086,3.00
P0001093,1.00
P0000111,3.00
10013614,0.00
10011381,2.00
10000459,0.00
BLISS-02,1.00
BLISS-06,2.00
BLISS-07,2.00
340,0.00
SN199,0.00
LTDBMUD120,2.00
37200,0.00
37900,0.00
353,0.00
MBLCSTT,1.00
10009049,2.00
O3FOL280,0.00
10012606,0.00
10028562,0.00
SLMSIC01_00,2.00
SLMSIC02_00,2.00
SC-SLMSEC97,0.00
SC-SLMSEC113_00,0.00
SC-LMSCC129_10,0.00
LMSEC135_20,1.00
LMSEC135_30,1.00
SLMSDC134_00,3.00
SLMSCC167_00,3.00
DB0673,0.00
SC-LMSBC01_10,1.00
SC-LMSBC01_15,0.00
SC-LMSBC01_20,0.00
SC-LMSBC01_25,0.00
SC-LMSBC01_30,0.00
SC-LMSBC02-10,2.00
SC-LMSBC02-15,2.00
SC-LMSBC02-25,0.00
SC-LMSBC02-30,1.00
LMSCC0110,1.00
LMSCC0115,1.00
LMSCC0120,1.00
LMSCC0125,1.00
LMSCC0130,0.00
LMSCC0210,1.00
LMSCC0215,2.00
LMSCC0220,0.00
LMSCC0225,1.00
LMSCC0230,1.00
SLMSCC0215,2.00
SLMSCC0220,1.00
SLMSCC0225,2.00
SLMSCC0230,1.00
SC-SLMSCC01-00,2.00
SC-SLMSC02-00,2.00
LMSCC1810,1.00
LMSCC1815,0.00
LMSCC1820,0.00
LMSCC1825,0.00
LMSCC1830,0.00
LMSDC0110,1.00
LMSDC0115,3.00
LMSDC0120,2.00
LMSDC0130,2.00
LMSDC0210,2.00
LMSDC0215,1.00
LMSDC0220,0.00
LMSDC0225,1.00
LMSDC0230,1.00
LMSDC1810,1.00
LMSDC1815,0.00
LMSDC1820,0.00
LMSDC1825,0.00
LMSDC1830,0.00
SLMSDC0100,1.00
SLMSDC0200,1.00
SLMSDC0210,2.00
SLMSDC0215,2.00
SLMSDC0220,1.00
SLMSDC0225,2.00
SLMSDC0230,2.00
LMSCC2410,1.00
LMSCC2415,2.00
LMSCC2420,0.00
LMSCC2425,0.00
LMSCC2430,0.00
LMSCC2710,0.00
LMSCC2715,1.00
LMSCC2720,0.00
LMSCC2725,0.00
LMSCC2730,0.00
LMSDC2510,1.00
LMSDC2515,0.00
LMSDC2520,0.00
LMSDC2525,1.00
LMSDC2530,0.00
LMSDC2710,1.00
LMSDC2715,0.00
LMSDC2720,0.00
LMSDC2725,2.00
SCRCC0200,0.00
SCRDC0100,1.00
SCRDC0200,0.00
LMSEC0110,2.00
LMSEC0115,2.00
LMSEC0120,1.00
LMSEC0125,0.00
LMSEC0130,0.00
LMSEC0210,1.00
LMSEC0215,1.00
LMSEC0220,0.00
LMSEC0225,0.00
LMSEC0230,1.00
LMSEC04_15,0.00
LMSEC04_20,1.00
LMSEC04_25,1.00
LMSEC04_30,1.00
LMSEC1810,1.00
LMSEC1815,0.00
LMSEC1820,0.00
LMSEC1825,0.00
LMSEC1830,2.00
SC-SLMSEC01_00,4.00
SC-SLMSEC02_00,2.00
SLMSEC0210,0.00
SLMSEC0215,0.00
SLMSEC0220,0.00
SLMSEC0225,2.00
SLMSEC0230,1.00
SCREC0100,1.00
SCREC0200,2.00
SC-JSLMSDC01_00,0.00
SC-JSLMSDC02_00,0.00
SC-JSLMSDC03_00,0.00
SC-JSLMSDC04_00,0.00
SC-JSCRD01_00,3.00
SC-JSCRDC04_00,3.00
SC-JSCREC01_00,2.00
SC-JSCREC04_00,2.00
LMSEC2710,0.00
LMSEC2715,0.00
LMSEC2720,0.00
LMSEC2725,0.00
LMSEC2730,0.00
SC-SLMSEC07_00,0.00
SC-SLMSCC25_00,0.00
SLMSDC2500,0.00
SC-SLMSEC43_00,1.00
NAUTIC4400,3.00
SC-BABY012AC50-00,0.00
SC-BABY012AC52-00,1.00
SC-BABY012AC54-00,0.00
SC-KIDS1236AC50-00,0.00
SC-KIDS1236AC54-00,1.00
LMSEC2510,0.00
LMSEC2515,0.00
LMSEC2520,0.00
LMSEC2525,0.00
LMSEC2530,0.00
LMSFC0115,1.00
LMSFC0125,0.00
LMSFC0130,0.00
LMSFC0210,1.00
LMSFC0215,2.00
LMSFC0230,0.00
LMSBC69_10,1.00
SC-LMSBC69_15,1.00
LMSBC69_20,0.00
LMSBC69_25,1.00
SC-SLMSFC01-00,3.00
SC-SLMSDC69-00,3.00
SLMSEC69_00,3.00
SC-SLMSDC73_00,0.00
SC-KIDS1236AC71-00,0.00
AC74_00,0.00
941004,0.00
600250,3.00
600251,0.00
600252,2.00
600633,3.00
600453,2.00
600403,2.00
600153,3.00
600145,5.00
600465,0.00
600459,0.00
O17RKhaki,0.00
O20Rice,0.00
O30RCharcoal,1.00
O34R4703,0.00
KTBTLB,0.00
KTHTLB,1.00
BC41,80.00
IHTRB,1.00
WEL161,2.00
WEL163,3.00
WEL90,2.00
WEL247,2.00
10004404,1.00
10004407,1.00
048017,0.00
10000952,2.00
10000953,3.00
10000951,2.00
10012935,0.00
848648,0.00
10002627,1.00
10004755,0.00
10012639,1.00
10011420,2.00
10011536,2.00
10009011,2.00
10027673,2.00
10027667,0.00
10028037,3.00
640102,6.00
901470,2.00
901462,2.00
HS530,1.00
TT610,2.00
WM324,0.00
53815,0.00
54901,0.00
54911,0.00
54938,0.00
54950,0.00
54954,0.00
54960,0.00
54988,0.00
54990,0.00
54992,0.00
54993,0.00
55950,0.00
569507,0.00
58558,1.00
58624,1.00
58764,0.00
58980,0.00
58892,1.00
62967,3.00
10003875,6.00
10007218,2.00
028936,0.00
10008403,1.00
RHPUM,5.00
RBNBDUO,5.00
RSSACK,0.00
766535,0.00
10012190,-1.00
10002964,0.00
10002965,0.00
10002955,2.00
10002961,2.00
10012059,2.00
10005558,0.00
10005000,56.00
10005001,29.00
10000989,6.00
10000990,2.00
10005002,19.00
226167,2.00
10004997,49.00
014266,11.00
059469,1.00
WKTFSW,4.00
10000589,1.00
10011513,1.00
WKTCTB,0.00
121GT,0.00
187GT,0.00
10014359,2.00
814004,0.00
10014357,1.00
XGC018CL,0.00
024BGC,0.00
103GT,0.00
140FGT,0.00
10002954,4.00
10002960,2.00
147GC,0.00
19120210701MPC,0.00
BD1561,0.00
CBD009HSW,2.00
CBD017HSW,-2.00
VG.SN,0.00
AIAI,6.00
HEY.LO,5.00
HEY.BE,5.00
HEY.NY,4.00
SN.TB.R,5.00
SN.TG.R,2.00
SCCA,5.00
SCDO,5.00
NG.WH.N,0.00
MAD.BR,4.00
MAD.IN,0.00
MAD.LA,0.00
VG.LH,2.00
KW.LO,4.00
KW.NY,4.00
KW.WM,4.00
KW.WS,4.00
MUKNHY,4.00
AIDE,6.00
750005,0.00
RF-0016,1.00
RF-0091,0.00
RF-0228,0.00
RF-0295,1.00
RF-0299,0.00
VG.SU.R,0.00
CC328C23,0.00
FIX5,5.00
RNBLS,5.00
RBEARD,3.00
RCAT,0.00
JWTSB,6.00
HMMP,5.00
HMPO,11.00
DF-DB,9.00
DF-GO,8.00
ISLAG,0.00
ISLAS,0.00
LLVS,0.00
FNS,0.00
CDL,-1.00
WCB,0.00
MTB,0.00
BI5,2.00
BI8,2.00
129GT,5.00
130GT,6.00
003FAMILYMEM,1.00
117GT,4.00
133GC,2.00
250GT,1.00
267GT,1.00
288GT,0.00
160GT,0.00
159GT,4.00
237GT,2.00
286GT,3.00
FIX10,-3.00
NP943,1.00
135GC,9.00
DSL1213,0.00
DSL1814,0.00
partystars,0.00
10013506,2.00
P0000004,3.00
OH-BK,3.00
OH-BL,2.00
OH-GS01-S7-SV,5.00
10001783,0.00
10011988,0.00
10002941,2.00
183GC,3.00
106GT,0.00
10010932,8.00
BFRRESN,0.00
10028653,0.00
BFRRES,0.00
155GT,0.00
10001906,1.00
10001902,2.00
10011370,2.00
32-065-AVO,0.00
10011140,2.00
10002637,1.00
10000470,3.00
10011348,0.00
10010895,2.00
10006194,0.00
10013906,2.00
154GC,0.00
124FGT,3.00
SYR10,3.00
091918,0.00
10012275,0.00
083519,0.00
10012672,2.00
10011799,1.00
E2033,0.00
10001587,1.00
10003225,2.00
LEME040,0.00
LEPL135,1.00
LETV276,0.00
LETV292,2.00
LETV319,0.00
LETV440,0.00
LEPL002,0.00
LEPL009,0.00
LEPL085,0.00
LEPL087,0.00
LEPL101,1.00
LEPL107,2.00
LEPL115,0.00
CS-0891,1.00
CS-0935,0.00
CS-0951,-1.00
CS-0953,0.00
CS-0962,1.00
CS-0964,0.00
CS-0968,6.00
CS-0974,0.00
CS-0984,1.00
CS-0989,0.00
CS-0990,5.00
CS-1014,0.00
CS-1016,4.00
CS-1019,2.00
CS-1020,0.00
CS-1021,0.00
CS-1022,0.00
CS-1027,0.00
CS-1028,2.00
CS-1029,2.00
CS-1030,3.00
CS-1032,0.00
CS-1055,0.00
CS-1057,0.00
CS-2480,1.00
CS-2489,1.00
VLPT115,-1.00
VLWR133,2.00
VLWR134,0.00
VLWR135,1.00
VICAMOTIF,0.00
GEOMOTIF,0.00
ARCHIMOTIF,16.00
SP03,2.00
SP01,3.00
SP02,0.00
SP06,3.00
SK115LT,2.00
INKC101LT,2.00
INKC107LT,2.00
VLFAB002,4.00
VLWR693,0.00
VLWR694,0.00
VLWR767,4.00
VLWR800,4.00
VLWR801,4.00
VLWR818,4.00
VLWR822,2.00
VLWR823,0.00
VLWR824,0.00
VLWR828,0.00
VLWR829,0.00
VLWR830,4.00
VLWR833,1.00
VLWR834,3.00
VLWR835,3.00
VLWR836,5.00
VLWR903,3.00
NNL406,1.00
M511MS,3.00
ED12FO,4.00
CUB07,0.00
CUB09,0.00
KL-C545,0.00
KL-C547,0.00
KL-C576,0.00
KL-C578,1.00
KL-C579,2.00
KL-CUB-44,2.00
KL-CUB-46,2.00
KL-CUB-47,6.00
KL-CUB-49,0.00
KL-C588,1.00
KL-C590,0.00
KL-C595,3.00
KL-C596,0.00
KL-C598,4.00
KL-C602,0.00
KL-C604,5.00
KL-C554,0.00
KL-C565,0.00
KL-C658,2.00
KL-C662,0.00
LEPL117,1.00
LEPL139,1.00
LETV598,0.00
CC889C23,0.00
KL-C677,0.00
KL-C696,1.00
KL-C698,3.00
KL-CUB-53,2.00
KL-CUB-54,3.00
KL-CUB-55,0.00
KL-CUB-64,3.00
KL-C749,1.00
KL-C751,2.00
CC299C23,3.00
10003281,0.00
10003284,36.00
10010519,0.00
10011296,0.00
10011297,1.00
014737,1.00
MB21906,1.00
MB21903,0.00
MB10406,1.00
sarah,-1.00
cheery,0.00
multicherry,0.00
201MPC,0.00
10012220,2.00
POT950,0.00
52723,10.00
RIVSNM,0.00
ASWANCOFFEEL,1.00
PROFILEGREENXL,0.00
PROFILEROSEXL,0.00
PROFILEGREENM,0.00
PROFILEROSEM,1.00
PROFILECOFFEEM,0.00
MEMPHISSTORMS,3.00
MEMPHISSMOKEL,0.00
PROFILEINKS,2.00
PROFILECOFFEES,4.00
PROFILEGREENS,0.00
RIVBM,0.00
BELLVNL,0.00
MM486,0.00
749309,0.00
CC189,1.00
10013601,5.00
DAD007SS,0.00
00138,0.00
00132,0.00
00140,0.00
00142,2.00
KARTO,0.00
11161,5.00
11181,7.00
12141,0.00
12191,0.00
31161,3.00
127GC,0.00
12GC,0.00
132GC,0.00
196GC,0.00
169GC,6.00
55YGC,4.00
CC702C23,0.00
CC555C23,2.00
CC554C23BS,0.00
145GC,0.00
144GC,0.00
CC297C23,3.00
131GC,0.00
193GC,4.00
MD1001,2.00
ARCN,3.00
ARCO,1.00
DAIB,0.00
DAIS,0.00
STRB,1.00
STRPB,-1.00
FIGO,2.00
FIGPN,0.00
RIBB,0.00
10011349,2.00
10012492,1.00
10001052,3.00
MB21901,0.00
MB21401,0.00
MB20301,1.00
MB10419,3.00
10011242,1.00
10001638,1.00
10001644,2.00
10003436,2.00
10002969,0.00
10002972,0.00
739698,0.00
10011255,1.00
10011247,1.00
739706,0.00
10001665,2.00
10002970,1.00
10002967,0.00
10011256,1.00
10011240,2.00
10011244,2.00
10011248,2.00
10011252,2.00
10001640,1.00
10001647,0.00
739714,1.00
10011257,1.00
10011249,2.00
10011253,2.00
10004513,1.00
10011258,1.00
10011241,1.00
10011246,0.00
10011250,1.00
10011254,1.00
10001641,1.00
SC12BW-250,0.00
GO04,0.00
SH01,3.00
SH02,0.00
SH03,0.00
SH04,0.00
SH05,0.00
CC01,0.00
CC124,0.00
CC250,4.00
CC253,3.00
CC264,-1.00
CC278,3.00
SCC02,4.00
SCC17,2.00
SCC23,0.00
SCC42,0.00
SCC43,0.00
SCC56,0.00
SCC60,0.00
SCC64,0.00
SCC65,0.00
SCC75,2.00
SCC84,3.00
CCB03,0.00
CCB11,-1.00
SH06,2.00
M03R,4.00
M04HP,0.00
M05,0.00
M06,1.00
M07,7.00
M08,5.00
M09,7.00
PZ01,0.00
183905,0.00
10010163,2.00
PZ02,7.00
PZ03,0.00
KRM,1.00
KBPE,1.00
KRC,2.00
MM01,0.00
KRZ,2.00
OCSMBS,1.00
FM2048,0.00
CSMPS,0.00
CE21,0.00
CE25,0.00
KOCSM,1.00
CSMBM,0.00
OCRZM,0.00
OCSZS,1.00
LN12,3.00
LN15,1.00
LN11,2.00
LN16,1.00
LN32,3.00
LN31,1.00
LN14,1.00
LN13,1.00
LN34,1.00
LN33,0.00
LN36,2.00
LN35,2.00
HAN04,0.00
HAN02,0.00
HAN05,0.00
HAN07,0.00
HAN01,0.00
HAN03,0.00
SCT01,1.00
GC022CL,-1.00
OCSZM,1.00
HC-G-UNS-60,0.00
BS-PET-CA-500,0.00
ACP01,9.00
OCEGS,0.00
OCSEGM,0.00
XGC003CL,1.00
XGC003BCL,0.00
BWP01,1.00
KOTCAN,0.00
XGC002CL,-1.00
CTS01,0.00
XGC009BCL,3.00
XGC010BCL,0.00
MC01,0.00
XGC010CL,3.00
XGC025CL,2.00
XGC022CL,2.00
14828A,3.00
XGC026CL,1.00
FSC495,1.00
CRD385,0.00
CRD416,0.00
FSC489,2.00
FSC409,4.00
DTS01,0.00
FSC487,4.00
POT5,59.00
CTF01,1.00
OEWB,40.00
DY210,0.00
CM21G,0.00
CM21R,1.00
LS21SF,1.00
LA21SF,1.00
LS21M,1.00
LS21P,1.00
LA21P,1.00
10011899,2.00
LA21M,0.00
AE20PP,0.00
OBRTHAIL,1.00
OBRTLIB,0.00
OBRTFEML,2.00
OBRTFEMXL,3.00
OBRTLIVL,2.00
OBRTPHYL,0.00
OBRTVIRS,3.00
OBRTVIR,3.00
OBRTSOM,5.00
OBRTOSML,2.00
OBRTWOM,1.00
OBRTWOML,0.00
OBRTVIT,2.00
OBRTANT,0.00
OBRTCUR,0.00
OBRTDER,2.00
OBRTHAIEXC,0.00
OBRTWEI,0.00
HB70,0.00
MAD,0.00
ALM,0.00
CHILL,0.00
HB80,0.00
PNG,0.00
AE20BG,0.00
TE19BL,0.00
SH19SGE,1.00
SE21PP,1.00
SE18L,0.00
SE18GR,1.00
SE21MP,1.00
SE21G,0.00
NO21BB,1.00
NO21CP,1.00
NO21GG,0.00
CD21Y,1.00
DT-01B,8.00
CD21BM,0.00
HF02,0.00
CD21P,1.00
73541,7.00
072816,13.00
BO21C,0.00
FD21IC,1.00
iCOV-802H,0.00
INCP-502H,0.00
10009879,0.00
BO21S,1.00
AR21PR,0.00
AR21GP,1.00
J21EF-BBC,3.00
021EF-CMCW,3.00
021EF-FMNB,3.00
021CF-SHDM,12.00
021FN-PI,4.00
021FN-CMC,4.00
AP14,1.00
AP13,0.00
AP12,3.00
021FN-EC,4.00
J21FN-CDVW,4.00
J21FN-AMQAL,4.00
MS556,0.00
MS555,0.00
MS576,4.00
MS566,0.00
MS577,0.00
MSPB200,4.00
MSHB200,3.00
MSCH200,3.00
MSCHO200,2.00
MRS315,5.00
MRS316,6.00
MSMHD,6.00
MSMBD,12.00
MSHTP,2.00
MSBSP,10.00
MSLRS,4.00
A21FN-SPM,4.00
KMG,0.00
KMB,1.00
KMRG,0.00
M21CF-APDA,4.00
AO09,2.00
J21FC-DXH,3.00
021CT-HLBM,4.00
J21CF-SLS,4.00
021CF-ZELS,4.00
J21CF-ZS,4.00
AUTBOX,3.00
10010467,2.00
10001271,2.00
761885,3.00
WINTBOX,1.00
GIFBOX,10.00
CF-012CL,1.00
HHBG,0.00
HHBTR,0.00
HHBGY,2.00
HHCP,0.00
HHBVG,-1.00
HHBS,1.00
EBSUN,0.00
16,0.00
15,3.00
EBBB,0.00
MB1016,2.00
FGTESTERKPBM200,1.00
FGKPBM400,0.00
FGBMS75,14.00
TPRNO,16.00
BA-103051,6.00
BA-103061,6.00
BA-103071,5.00
BA-103081,5.00
BA103291,6.00
BA103921,4.00
TCC060CC,1.00
C21674,0.00
BRU-001,0.00
BRU-002,0.00
HHBSB,0.00
HHBW,2.00
102,0.00
107,3.00
108,3.00
171,3.00
172,1.00
MS405,4.00
MS549,1.00
MS550,2.00
NPO,3.00
NPBF,6.00
HHBB,1.00
HHBPU,0.00
HHBP,0.00
21640,1.00
CRD201,0.00
KRB,1.00
SOW04,6.00
SOW05,6.00
SOW15,6.00
SOW13,4.00
SOW11,6.00
SOW09,6.00
SOW12,5.00
SOW08,5.00
SOW54,1.00
SOW59,2.00
SOW56,1.00
SOW53,1.00
SOW58,1.00
SOW52,1.00
SOW55,1.00
SOW19,0.00
SOW103S,-2.00
WLB05,1.00
TDE,1.00
21522,4.00
21524,2.00
21525,4.00
21551,2.00
21606,3.00
21607,6.00
21514,5.00
TCC045CC,0.00
MB10209,0.00
CRD237,2.00
CRD252,0.00
CRD261,0.00
CCBL07OEC,5.00
CCBW08OEC,-5.00
FIPSCY,2.00
BOWPSSW,1.00
BOWPSPU,1.00
BOWPSSL,1.00
FLWCTG,4.00
FIPSD,2.00
FIPSA,1.00
BONPLC,1.00
BONPSC,2.00
BONPMIC,0.00
BONPTC,0.00
BONPLF,1.00
BONPSF,4.00
BONPMIF,1.00
BONPTF,5.00
BONPLS,1.00
BONPSS,8.00
BONPMIS,6.00
BONPTS,7.00
BONPSB,4.00
BONPMIB,1.00
WEL314,1.00
73327160,4.00
73327165,16.00
73327447,17.00
CKC42P,0.00
73310006,4.00
73310011,3.00
73320024,1.00
73391509,1.00
ADS205,0.00
ADS220,0.00
ADS705,0.00
ADS712,0.00
73361006,0.00
73300113,3.00
73340406,2.00
73340407,2.00
73340367,0.00
73327422,7.00
73327508,3.00
73320644,1.00
73320633,0.00
73349276,1.00
73360114,1.00
73320693,1.00
73320694,1.00
73320695,0.00
73320696,0.00
73320697,0.00
73320698,0.00
73310021,3.00
73349273,1.00
73320377,0.00
73302895,4.00
73300134,0.00
73360653,0.00
73327001,2.00
73361018,1.00
73315703,3.00
73315704,2.00
73315705,2.00
73315706,2.00
73315707,3.00
73315708,3.00
73327717,0.00
CPS457,0.00
73327178,4.00
73382000,3.00
73395000,2.00
73396700,2.00
9216224,1.00
9238002,1.00
9291128,0.00
9291121,0.00
9291120,1.00
9291129,0.00
9090994,0.00
9091197,0.00
9091198,0.00
9091208,0.00
9091209,0.00
9091216,0.00
9091272,0.00
9091276,0.00
912.90,2.00
9091751,0.00
9094106,0.00
9095901,0.00
90986.22L,0.00
90986.24L,0.00
10013357,0.00
10000429,0.00
10005247,0.00
SKC40,3.00
SKC41,3.00
SKC42,3.00
TPRSMB,6.00
MMHC30,0.00
190588,0.00
193657,13.00
194890,0.00
JRB,2.00
MEXS,6.00
MEXL,1.00
MJ12,0.00
MIK6,0.00
MFS48,9.00
JRRB,2.00
JRRS,2.00
JRRRG,2.00
JKSB,2.00
JKST,2.00
JKSC,2.00
19290,2.00
JGSSWB,2.00
BFB,0.00
JSGS,18.00
TPRIPF,16.00
JSPS,3.00
OGB01,0.00
JCWF,3.00
FGKPSPF200,6.00
10012219,0.00
SNOTME,2.00
SNOTBULB,-1.00
PRD005W,0.00
PM58,2.00
PM06,2.00
PM18,4.00
PM47,1.00
PM134,0.00
PM153,3.00
PM157,4.00
PM78,0.00
PM138,0.00
PM156,2.00
PM162,1.00
PM161,2.00
PM163,4.00
PM140,1.00
PM80,0.00
2BSR4S8,0.00
3BSR4S3,0.00
NPVG,15.00
NPOSC,6.00
NPBFSC,8.00
JSS,3.00
JRIH,3.00
04002,4.00
04010,4.00
04.026,1.00
04.01489,3.00
04.61607,3.00
04.01744,5.00
04.63175,2.00
04.04080,2.00
04.04087,0.00
04.016,3.00
JRIS,1.00
TB-PEACH,1.00
PM16,4.00
PM15,2.00
PM45,1.00
PM52,1.00
PM53,2.00
PM56,2.00
PM43,14.00
PM54,2.00
PM57,2.00
PM63,3.00
PM64,3.00
PM65,3.00
PM72,0.00
JRIJ,1.00
JRQGS,2.00
CRD19,0.00
TB-GTL,0.00
TB-WOB,4.00
TB-MITT,0.00
9100-16,0.00
JRR,2.00
411049,5.00
AKBCOMBH,2.00
AKCOMBP,0.00
JPOSD,2.00
JBNMSD,2.00
JRISP,1.00
CS07206,1.00
CS07207,5.00
CS07208,1.00
CS07209,-1.00
CS07214,0.00
CS07136,0.00
RASPR,0.00
COLC,0.00
ORAN,0.00
GUAT,0.00
HB90,0.00
VIET,0.00
CHER,0.00
TB-RED,0.00
TB-BURGANDY,0.00
GF330,0.00
GO330,0.00
VS330,0.00
SF330,0.00
10012718,2.00
SD81,2.00
AR172,1.00
AR121,3.00
AR308,10.00
AR307,5.00
02.171,0.00
02.231,0.00
TXHH030101,2.00
TGPK010020,1.00
TGPK010021,0.00
TGPK010022,2.00
TGPK010023,0.00
TXHH030102,0.00
TXHH030103,0.00
TXHH030104,0.00
TXHH030105,0.00
TXSH040101,1.00
TXSH040102,0.00
TXSH040103,0.00
TXSH040104,0.00
TXSH040105,0.00
TXHW020101,1.00
TXHW020102,0.00
TXHW020104,0.00
TXHW020105,0.00
TXSP020104,0.00
TXSP020105,0.00
10013324,3.00
P0000091,8.00
P0000092,6.00
37-50350,0.00
37-55050,3.00
NEL01,0.00
NEL05,0.00
NEL03,0.00
NEL04,0.00
NEL02,0.00
10010552,0.00
10013310,0.00
BSN2,0.00
TXSP020101,0.00
TXSP020102,0.00
TXSP020103,0.00
TXHW020103,0.00
SD21,0.00
SD24,0.00
SD82,2.00
SD83,0.00
SD92,0.00
SD91,0.00
SD93,0.00
SD27,0.00
SBH017,2.00
SBHR017,10.00
BIBR024,7.00
BIS024,0.00
PMUR079,6.00
PMU079,0.00
TTDR086,11.00
TTD086,2.00
ETQ91,2.00
KN9510,16.00
ORG13,0.00
ORG14,0.00
10012629,0.00
000111,2.00
10000043,2.00
10002221,2.00
10012181,2.00
69140R,0.00
69141R,0.00
69101R,10.00
69102R,3.00
69104R,0.00
69105R,0.00
69107R,7.00
69108R,1.00
69111R,0.00
69112R,0.00
69113R,0.00
69114R,0.00
69131R,2.00
69106R,12.00
COCO11S,0.00
FSALOE,0.00
FSCUCUMBER,0.00
FSGREENT,0.00
PC318,0.00
KMBYAD,0.00
KSPUT,0.00
00116,2.00
00114,1.00
00112,2.00
00110,2.00
00100,1.00
00118,2.00
JARTVIT,0.00
COSRX26,42.00
COSRX31,0.00
COSRX27,3.00
COSRX20,9.00
COSRX28,2.00
COSRX21,13.00
COSRX22,8.00
COSRX29,6.00
COSRX25,0.00
COSRX30,0.00
COSRX24,9.00
COSRX23,7.00
IOEC,0.00
LLSMAL,0.00
LLSMB,0.00
LWSMO,0.00
838448638427,1.00
SPG30,21.00
10013825,0.00
092569,0.00
10005163,2.00
10001178,2.00
10000201,1.00
10001959,2.00
10010634,2.00
10011409,5.00
052035,1.00
10010890,0.00
10010911,0.00
246158,0.00
10013413,0.00
10013623,1.00
10001131,3.00
10004182,3.00
10008482,2.00
10003060,3.00
10005802,2.00
10002933,0.00
10001062,3.00
10013221,0.00
10013222,0.00
10000215,1.00
10013219,0.00
10007456,1.00
10013218,0.00
10005652,2.00
10007125,2.00
10006679,2.00
10003838,1.00
10011406,1.00
10011431,2.00
269183,0.00
269209,0.00
10002002,1.00
10004689,3.00
10002898,4.00
10004867,2.00
10002354,2.00
10012650,4.00
10013012,0.00
10006728,0.00
736561,0.00
10011919,0.00
10001980,0.00
628174,26.00
10002267,2.00
10012580,0.00
10000835,1.00
820670,0.00
10003175,2.00
10003173,2.00
10005595,1.00
10004138,0.00
10010836,5.00
266577,0.00
10004067,2.00
10013819,3.00
10002196,1.00
10002189,2.00
10010885,1.00
10003030,2.00
10003031,2.00
10012988,2.00
10003028,3.00
10003029,2.00
10010115,1.00
10010132,3.00
10013993,0.00
10012011,2.00
10003254,2.00
10000454,2.00
10005548,2.00
191148,0.00
209387,1.00
7303,0.00
10001503,0.00
10000826,3.00
10012699,1.00
10013780,1.00
694681,0.00
T044,0.00
KN95,5.00
SB223,5.00
SB480,1.00
SB481,1.00
SB482,2.00
321001,2.00
321583,2.00
10001273,2.00
10001274,0.00
10004045,0.00
T71,0.00
1040112,3.00
1140113,0.00
1140114,0.00
1140115,1.00
1140116,0.00
1140117,2.00
1140128,0.00
1140129,1.00
1140159,2.00
E92J,0.00
1140196,1.00
10002945,0.00
10002944,0.00
8825051,0.00
8850152,0.00
8891990,0.00
8898981,0.00
07.057,1.00
07.302,1.00
07.304,1.00
1730058,1.00
1730059,0.00
1730060,2.00
1730061,1.00
1730062,0.00
1730063,0.00
14.163,0.00
14.168,0.00
PROTECHFM100PC,0.00
PROKFM,0.00
14.182,-7.00
14.191,0.00
270959,0.00
10013161,2.00
493304,0.00
10010973,1.00
10012514,2.00
10013119,0.00
10010649,2.00
10010412,0.00
10013862,2.00
10003787,0.00
10011364,0.00
10002901,0.00
10011480,2.00
10001080,0.00
10006573,2.00
10002946,1.00
10013463,1.00
10007499,2.00
183210,6.00
10007712,0.00
10001953,0.00
10001952,0.00
10001954,3.00
10004920,2.00
10000528,2.00
10003934,0.00
10001937,2.00
10010847,"2,500.00"
10011069,4.00
10002570,3.00
154831,0.00
10007221,0.00
10012617,0.00
762245,2.00
10011328,0.00
10008631,7.00
10005720,5.00
10010671,2.00
10010672,2.00
HOTTYR,0.00
HOTCALK2L,0.00
HOTPRE,2.00
10008600,2.00
10013159,2.00
10001961,2.00
10005286,2.00
10004163,2.00
10004298,3.00
10005285,1.00
036248,2.00
036249,1.00
036250,4.00
043532,1.00
043529,2.00
049671,1.00
10010001,1.00
10010002,1.00
SB650,0.00
52814,38.00
53493,18.00
10005550,2.00
093641,0.00
10011955,0.00
10011001,2.00
10001498,2.00
18799,14.00
10001257,3.00
10003012,0.00
10001109,6.00
10010661,2.00
10010663,4.00
10011783,2.00
10012218,0.00
10012956,0.00
10011897,2.00
10011949,2.00
10011896,1.00
10004491,5.00
10007808,2.00
10011948,3.00
10012127,2.00
10012128,2.00
10004490,1.00
10010662,5.00
10012607,6.00
10012608,11.00
10012861,4.00
10012862,2.00
10013058,4.00
10013059,3.00
10013072,2.00
10013704,1.00
10013678,2.00
10000333,0.00
10000331,2.00
10013855,2.00
10013837,2.00
10001313,1.00
10000330,1.00
445568,4.00
807869,7.00
10002749,5.00
353698,6.00
10001312,5.00
135715,3.00
135707,1.00
10002607,2.00
10014603,0.00
10003337,3.00
019992,4.00
10004474,2.00
10005276,1.00
10005630,3.00
10005629,6.00
073903,-1.00
280479,0.00
10007171,0.00
10008585,0.00
10012425,0.00
10029825,1.00
10011081,2.00
10011093,3.00
10004698,2.00
10004696,0.00
519200,2.00
10000824,3.00
10011168,1.00
10011310,1.00
10011169,2.00
10012828,1.00
10002494,0.00
10004478,0.00
XC2,1.00
EPO,0.00
IHCDF,3.00
ZF,0.00
O3FO,3.00
IBS,3.00
UTS,0.00
LCD30,2.00
UTS180,0.00
IBS90,0.00
ZFR,0.00
O3FO120,3.00
SMP30,3.00
O3FOL,0.00
GRF,0.00
GTOR,0.00
MBR,0.00
PRC,0.00
SAR,0.00
EZRF,0.00
HFF,0.00
EBBD,0.00
CSB,0.00
IHIBK100,0.00
MZP120,0.00
ZFR200,0.00
IHDX,3.00
CCR,0.00
LDX,0.00
FOLM,0.00
LAZ,0.00
HSQ150,0.00
HSQ150L,0.00
CNOL,0.00
XCZC,2.00
IHIBA,2.00
CCAF,0.00
TAS,0.00
SHO3,0.00
XCZB,5.00
MMGPL,0.00
MMGPCL,0.00
MMG240,2.00
JPRT,0.00
ANXR,0.00
IHCPB,0.00
PRTTS,0.00
PRBP,0.00
ZINC60,4.00
IHIB60,0.00
IHIB120,0.00
IHDI,0.00
IHDD,2.00
IHDIK,0.00
IHBP,2.00
IHESK,0.00
NEM60,0.00
IHPBK,1.00
IHPDS,0.00
IHPDS60,0.00
IHPBF,0.00
IESC,0.00
IHESKP,0.00
IHPPD,0.00
MMMP,0.00
IF30,0.00
IHRB,20.00
10000191,2.00
10007541,0.00
BRSPOL,0.00
10004591,3.00
10010832,1.00
GILLY103T,1.00
10007821,2.00
10003628,4.00
10010981,4.00
10012270,0.00
10000883,0.00
10000886,0.00
10012398,1.00
10011443,0.00
10011444,1.00
10011445,1.00
10011442,1.00
10001165,0.00
10011546,2.00
10001423,2.00
10011497,2.00
10012017,0.00
10011584,3.00
706663,0.00
10011802,0.00
10011650,2.00
10012640,2.00
10012647,0.00
10013487,2.00
10013591,0.00
10004000,0.00
10005552,1.00
903965,0.00
199778,1.00
040673,0.00
040626,5.00
10014361,2.00
10008148,2.00
10028466,6.00
10028467,2.00
10010787,3.00
10013520,2.00
10010808,62.00
10011954,2.00
413047,0.00
NH02,4.00
NH04,2.00
10001318,2.00
10004068,9.00
10004069,13.00
10005633,6.00
10005634,5.00
10001317,4.00
10011159,2.00
10012801,2.00
349944,0.00
349951,0.00
349969,0.00
10003948,3.00
10003188,2.00
10010749,0.00
ORTMUL,6.00
10011205,2.00
010868,0.00
8831024,3.00
10007425,2.00
10002940,2.00
10000307,2.00
664227,0.00
679593,0.00
10010946,4.00
10000332,2.00
10003806,1.00
XFVEPDK,11.00
XFVEPLI,10.00
XFVEPLP,16.00
XGFICBA,20.00
XGFICON,10.00
XFZHPRT,8.00
XFZHCQ3,17.00
XFZHPS2,16.00
10001377,2.00
CYEPAI,0.00
15120,2.00
14845,2.00
14845A,2.00
14829,4.00
14830,3.00
14830D,2.00
14830C,2.00
14829B,3.00
14831,1.00
14843A,0.00
14843B,0.00
14843,0.00
14903B,3.00
14903C,3.00
18119A,0.00
14840A,3.00
14840,2.00
02362,2.00
02359,1.00
02361,1.00
02357,2.00
14843C,1.00
10009597,22.00
10010872,3.00
10011825,2.00
471003,2.00
597317,2.00
879169,0.00
879657,0.00
10009385,2.00
10009365,2.00
10009350,2.00
10002793,3.00
10001681,2.00
TO51015,0.00
TO41005,0.00
41009,0.00
41010,0.00
41020,0.00
TO60003,-1.00
TO51033,1.00
TO51034,0.00
TO51035,6.00
901466,6.00
901467,9.00
901471,3.00
901472,1.00
901474,3.00
901476,1.00
901477,3.00
901478,3.00
901479,0.00
901482,2.00
901484,0.00
125535,14.00
10001614,0.00
10012184,2.00
052169,0.00
MZP1,0.00
BFP,0.00
ENVHS500,0.00
AWOHS,0.00
10011139,4.00
10011774,0.00
10011773,0.00
10012069,0.00
10012068,0.00
10013891,19.00
10013890,8.00
210201,0.00
B.UBPREG.30,0.00
BCTGLU,0.00
BCTVITE,0.00
BCTTHEL,0.00
BCTLACL,0.00
BCPULTFBL,0.00
BCTALP,0.00
10013519,3.00
10001985,2.00
10009261,0.00
10009262,1.00
10009950,1.00
10009949,0.00
10015372,1.00
10015373,3.00
10011785,1.00
10000338,3.00
10000337,2.00
10000336,2.00
10005230,2.00
10005228,1.00
10010476,0.00
10013941,0.00
10000563,2.00
10000561,2.00
10001727,2.00
098897,0.00
10012384,2.00
10012385,2.00
10012388,1.00
10012389,2.00
10012390,2.00
10012391,2.00
789479,0.00
10012745,2.00
10010694,1.00
10012383,2.00
034667,1.00
050011,2.00
10010139,0.00
10010373,2.00
RK32,2.00
RK37,1.00
RK39,1.00
RK40,2.00
10011562,2.00
10011563,0.00
MU04,2.00
MU05,2.00
MU06,1.00
MU01,1.00
MU02,3.00
MU03,0.00
MU25,2.00
MU26,0.00
10007338,2.00
033106,2.00
738997,0.00
191379,0.00
10012100,2.00
POT15W,1.00
POT15G,11.00
POT15B,5.00
POT15P,4.00
THED,0.00
10001987,3.00
10011940,2.00
10012469,2.00
0023s,0.00
10001128,1.00
10011511,1.00
382124,4.00
036636,2.00
832626,8.00
000300,0.00
001715,0.00
055011,2.00
70182A,3.00
70184,1.00
70201,9.00
70206,9.00
70209,3.00
10013096,0.00
006048,6.00
000012,4.00
000050,3.00
000319,3.00
000074,2.00
00159,4.00
000463,3.00
000494,1.00
000562,3.00
002740,3.00
002719,0.00
002726,2.00
000906,3.00
000913,6.00
000920,6.00
000937,8.00
000890,1.00
001057,4.00
002733,4.00
71198,6.00
73539,0.00
MASKKID,21.00
121746,0.00
029829,0.00
BCTD3,0.00
BCLB12,2.00
BCTMIG,2.00
BCTJULTB,0.00
BCTADVL,2.00
BCLLIPC,0.00
BCTUDMUS,0.00
BCLLIPCL,0.00
BCTUBI100M,0.00
BCPULT,1.00
BCTRESM,0.00
BCTINNPL,0.00
BCTADRL,1.00
BCTULT45L,0.00
845MA,5.00
x5268br,2.00
BY01,0.00
10001408,2.00
376205,4.00
10003256,2.00
10007169,0.00
NHB0,3.00
NHB2,3.00
2515972,10.00
48380,1.00
48382,1.00
48384,0.00
48386,1.00
48390,0.00
4-0501,2.00
14020,0.00
14021,0.00
6-1201,0.00
6-1407,14.00
7-0122,2.00
14-004,0.00
14-013,0.00
6-1413,10.00
4-0703,2.00
14-025,0.00
5-0615,5.00
40802,0.00
7-0127,12.00
6-0237,0.00
6-1214,2.00
60256,0.00
9-1004,3.00
6-1517,3.00
60267,0.00
60273,0.00
60274,0.00
6-0315,1.00
6-0316,0.00
7-0133,5.00
6-1215,0.00
6-0638,5.00
6-1432,6.00
6-0644,4.00
6-0648,4.00
6-1908,0.00
1-1013,4.00
7-0134,9.00
1-1014,4.00
6-0650,5.00
6-0636,0.00
74108,6.00
74144,0.00
74189,2.00
74198r,5.00
74202R,0.00
74307,0.00
CH212,1.00
CH232,0.00
CH233,0.00
CH231,1.00
CH235,0.00
10005560,2.00
10001122,2.00
LTDBMM120,3.00
LTDBMD120,2.00
LT2HRM120,2.00
LT2HRD120,2.00
LTDAM,2.00
185642,0.00
LTPPD50,0.00
185643,0.00
14148,0.00
10004556,0.00
10000513,1.00
JPM001,0.00
GCL009,0.00
GCM050,0.00
GCM054,0.00
GCM059,0.00
GCM055,0.00
GCM056,0.00
GCM062,0.00
GCM066,0.00
GCB012,0.00
GCB013,0.00
GCB016,0.00
GCT015,0.00
GCT016,0.00
GCT016-B,0.00
JPM003,0.00
GCM064,0.00
GCX029,0.00
KL-C231,0.00
HL932,0.00
862,0.00
G4M002,0.00
G4M001,1.00
GCL018,0.00
GCL016,0.00
GCW011,0.00
GCW012,0.00
GCT020,0.00
GCK008,1.00
GCM099,0.00
JMM003,-1.00
HL-1026,0.00
1039,0.00
1045,0.00
PGCB01,0.00
PGCM02,0.00
0158s,0.00
HL-1110,0.00
1121,0.00
1126,0.00
1133,0.00
1132,0.00
GCB027,0.00
GCB029,0.00
PGFD020,3.00
GCK010,0.00
GCT024,0.00
GCB030,0.00
GCL024,0.00
GCM121,0.00
1137,0.00
HL-1122,0.00
KL-C307,0.00
KL-C313,0.00
1210,0.00
GCM129,1.00
GCM125,0.00
GCM127,0.00
J3A002,0.00
GCB032,0.00
GCB033,0.00
GCB037,0.00
JMM007,1.00
HL-1234,0.00
HL-1235,0.00
HL-1194,0.00
HL-1196,0.00
1197,0.00
GCM122,0.00
TH-255,0.00
EP-0185s,0.00
KL-C395,0.00
KL-C398,0.00
GCB041,0.00
GCW018,0.00
JMM006,0.00
GIB007,0.00
GCB044,0.00
GCHF10,0.00
GCT035,0.00
HL-1280,0.00
HL-1310,0.00
KL-C400,0.00
G1M001,0.00
1343,0.00
HL-1355,1.00
HL-1360,0.00
HL-1361,0.00
HL-I367,2.00
GCB046,0.00
GCB048,0.00
RP-GCM151,0.00
GCM154,0.00
JPM011,0.00
GCM155,0.00
GIW002,0.00
AK-AC003,6.00
AK-AC152,0.00
AC157,0.00
AK-AC159,0.00
KL-C483,0.00
KL-C494,0.00
GCHM14,0.00
TCC005CC,0.00
RF-0002,0.00
EP-0438,2.00
MGVR-ST,0.00
MGVR-N,0.00
AK-AC165,2.00
HL-1431,0.00
HL-1457,2.00
GCB055,0.00
KL-C553,0.00
KL-C560,1.00
KL-C564,0.00
AK-AC191,0.00
EP-0528,2.00
GCB057,0.00
GCB003,0.00
GCK002,0.00
GCK003,0.00
GCK004,0.00
MGVR-AB,0.00
MGEO-UV,0.00
EP0545,0.00
HL-1504,0.00
HL1515,2.00
HL-1529,0.00
AK-AC231,9.00
AC232,0.00
RP-GCB062,0.00
AK-AC261,0.00
AC256,0.00
AK-C257,0.00
AK-AC263,4.00
HL1570,0.00
RP-GCK018,3.00
RP-GCT047,3.00
GCB006,0.00
RP-GCHM20-T,1.00
GCHF13,0.00
RP-GCX062,0.00
RP-GCX064,0.00
MGVR-S,1.00
RP-GCM174,4.00
GCHM05,0.00
GCW007,0.00
GCX016,0.00
1361,0.00
RP-GCB074,0.00
RO-GCM176,3.00
RP-GCM177,2.00
RP-GCM178,4.00
RP-GCM179,4.00
RP-GCM180,6.00
RP-GCT051,4.00
RP-GCW026,2.00
04524,3.00
04522,2.00
04526,2.00
04528,3.00
04532,3.00
04530,2.00
04711,1.00
04712,2.00
04534,2.00
04536,2.00
04622,1.00
04540,3.00
04620,2.00
04552,3.00
04550,3.00
04508,3.00
04562,2.00
04560,2.00
04564,2.00
04554,3.00
04538,2.00
04502,3.00
04542,2.00
04504,1.00
04570,3.00
04572,5.00
04574,3.00
04544,3.00
04545,3.00
04543,3.00
04703,2.00
04705,2.00
04710,0.00
04715,2.00
10011017,0.00
MTG155,4.00
MTC100,19.00
HOTNIA,0.00
HOTUBI150,2.00
HOPCOLF,2.00
HOTMAGCITL,0.00
CLHBW500S,3.00
CLFS150S,2.00
CLFW150S,0.00
CLFM100S,0.00
CLSPFM100S,0.00
CLSG150S,1.00
CLAL100S,0.00
CLHBW250S,0.00
CLBM215S,2.00
CLOFM100S,0.00
CLCFS100S,4.00
CLMLMPK,0.00
CLMRPK,0.00
CLMPPK,1.00
CLMHOPK,1.00
CLMIPK,3.00
CLMECPK,1.00
10004869,2.00
881457,0.00
061266,24.00
10011499,2.00
050157,2.00
FRF300,0.00
FFL500,0.00
MAE-YD021,1.00
MAE-YK004,0.00
MAE-YK005,2.00
MAE-YK007,0.00
MAE-YK006,0.00
MAE-YD017,0.00
MAE-YD020,0.00
MAE-YD022,0.00
MAE-YD13,3.00
MAE-YD023,0.00
MAE-YD019,0.00
MAE-YD018,0.00
MAE-YD16,0.00
MAE-YD15,0.00
MAE-YD14,2.00
LMCBR,1.00
LMCBSA,1.00
MAE-LBWC,3.00
MAE-YB001,1.00
MAE-YB002,0.00
LMLBY,0.00
LMLBP,4.00
MLBACKSA,1.00
LMBACKR,0.00
MAE-BB03,3.00
MAE-BB01,0.00
MAE-BB02,6.00
MAE-CE002,2.00
MAE-CE003,1.00
MAE-MS01,2.00
MAE-NSO02,0.00
MAE-NSM01,2.00
MAE-BIB02,0.00
MAE-BIB01,0.00
MAE-SC01,0.00
MAE-SC02,0.00
MAE-SC04,0.00
MAE-SC03,0.00
10005549,0.00
PAT01,1.00
PAT02,2.00
PAT03,2.00
PAT04,3.00
PAT09,4.00
PAT12,1.00
PAT10,5.00
PAT11,3.00
BLESS01,0.00
BLESS02,2.00
BLESS03,0.00
BLESS04,0.00
BLESS06,0.00
BLESS07,2.00
BLESS08,1.00
BLESS09,0.00
BLESS10,0.00
BLESS12,0.00
BLESS13,0.00
BLESS14,0.00
BLESS16,4.00
BLESS17,0.00
BLESS18,1.00
BLESS19,24.00
BLESS303,0.00
MB10408,2.00
MB10515,2.00
MB10502,9.00
MB10415,1.00
MB10412,1.00
MB20508,2.00
MB10410,2.00
MB22101,4.00
MB22104,4.00
MB20506,2.00
MB22846,0.00
MB22847,0.00
HW53,0.00
HW83,2.00
HW81,1.00
HW51,0.00
HW52,0.00
HW34,3.00
NB036,0.00
NB143,0.00
NB106,0.00
NB108,0.00
10012670,2.00
HAN202,0.00
HAN201,0.00
HAN208,0.00
HAN206,1.00
HAN207,0.00
M002R,3.00
M001R,0.00
M006,4.00
10012126,3.00
10000372,2.00
019994,3.00
019990,3.00
019993,6.00
058432,2.00
058431,2.00
058433,2.00
058428,2.00
058434,3.00
058429,2.00
058430,2.00
10029038,0.00
COLLAGEN5,14.00
COLLAGEN2,3.00
ANTIOX,2.00
10006,0.00
1000-443,2.00
1000-445,9.00
1000-446,5.00
JSHPSM30,2.00
10SPR84S13,4.00
10ZBR84S13,5.00
10IMR84S13,6.00
13R82,3.00
13BLR76S9S10,0.00
6MIR4S8,0.00
9MER4S8,0.00
1OCR31,0.00
PM66,2.00
10003728,15.00
10001172,0.00
8015764,3.00
8015788,5.00
JO.LD,7.00
TSU13,7.00
JO.O,14.00
04500,4.00
RIP 42,3.00
TSU21,6.00
C&C500,0.00
MD0817,7.00
QD0817,10.00
MR0817,6.00
QR0817,9.00
OB55,14.00
CR330,0.00
GPR330,0.00
BBR330,0.00
TSU02,6.00
04520,3.00
TSU11,3.00
TSU03,5.00
04506,2.00
TSU12,6.00
TSU01,5.00
10003496,0.00
10012406,2.00
482851,0.00
PSTMEL,0.00
BPMBR,0.00
GO06,12.00
GO07,16.00
69084,1.00
19678,4.00
19682,0.00
19685,7.00
19684,8.00
19686,4.00
10011454,1.00
10011455,3.00
10003189,2.00
KWZCHI3,0.00
KWLVAL,0.00
68200,11.00
68204,13.00
68202,14.00
68206,22.00
32-001-WHT,2.00
32-001-DROS,2.00
32-001-AVO,2.00
32-001-TOB,1.00
32-001-SAG,4.00
32-001-PEA,3.00
32-001-NAV,1.00
32-035-PAR,0.00
32-035-EUC,0.00
32-035-ROW,0.00
32-042-PAR,1.00
32-000-WHT,2.00
32-000-PEA,0.00
32-000-SAG,1.00
32-000-AVO,2.00
32-000-PAR,4.00
32-001-PAR,6.00
32-042-EUC,2.00
32-063-SAG,1.00
32-063-PAR,2.00
32-065-PAR,2.00
32-067-SAG,2.00
32-067-PAR,4.00
32-068-PEA,0.00
19420215601MPC,0.00
20020216701MPC,0.00
20020216801MPC,0.00
20020218201MPC,2.00
21720222301MPC,0.00
GS33,0.00
GS34,1.00
MOXOD,9.00
MOXOUT,0.00
MOXOU,10.00
MOXOEL,0.00
MOXOW,2.00
MOXOC,6.00
9780007513758,0.00
9780007514274,0.00
9780007549238,0.00
9780007549245,0.00
9780008124434,0.00
9780008170868,0.00
9780141975740,0.00
9780143501763,0.00
9780307977618,0.00
9780522864830,0.00
9780553508758,0.00
9780646584225,0.00
DB6855,0.00
DB6856,1.00
DB9271,1.00
DB9273,1.00
9780732299866,0.00
9780811859080,0.00
9780811863995,0.00
9780811876766,0.00
9780847843350,0.00
9780857982506,0.00
DB0670,1.00
DB0674,0.00
9781250038821,0.00
BE72,18.00
9781419713903,0.00
9781419713927,0.00
9781419717871,0.00
9781419717956,0.00
SAGE,0.00
9781419721991,0.00
9781449459987,0.00
60101089,0.00
9781452115573,0.00
9781452118901,0.00
9781452126449,0.00
9781452135915,0.00
9781452145679,0.00
9781452148335,0.00
9781452151625,0.00
9781452151922,0.00
9781460750322,0.00
9781579655730,0.00
9781740669634,0.00
9781741174847,0.00
9781741174922,0.00
9781742704890,0.00
9781742707686,0.00
9781742707815,0.00
9781742708997,0.00
9781742709000,0.00
9781743363218,0.00
9781743365137,0.00
9781743530405,0.00
9781743535103,0.00
9781743536889,0.00
9781743537558,0.00
60101180,0.00
9781743790205,0.00
9781743790878,0.00
9781743791295,0.00
9781743791400,0.00
9781743792087,0.00
9780743792094,0.00
60101405,0.00
9781743792926,0.00
book2,0.00
9781760522513,0.00
9781782490982,0.00
9781782491699,0.00
9781784880118,0.00
9781784880378,0.00
9781784880491,0.00
9781784881023,0.00
9781838910280,0.00
9781849495356,0.00
9781849496049,0.00
9781849496759,0.00
9781849497411,0.00
9781849497480,0.00
9781849499033,0.00
9781849499590,0.00
9781849755566,0.00
UBDFFVH,0.00
9781849757218,0.00
9781849758116,0.00
9781921383045,0.00
9781921383717,0.00
9781921383854,0.00
9781921384011,0.00
9782080202659,0.00
HGE021-S,0.00
HGE021,0.00
HGE134RG,2.00
415715,0.00
HGE134S,0.00
HGE172S,3.00
HGE132RG,0.00
HGE131G,0.00
HGE127RG,3.00
HGE127S,0.00
HGE122RG,1.00
HGE122G,2.00
HGE183S,1.00
HGE183G,0.00
HGE183RG,2.00
HGE184S,1.00
HGE184G,0.00
HGE184RG,0.00
HGE185S,2.00
HGE185G,1.00
HGE185RG,2.00
HGE186S,1.00
HGE186G,0.00
HGE186RG,1.00
HGE102-GWO,0.00
HGE102-SWO,0.00
HGE111-R,1.00
HGE111-G,1.00
HGE111-S,2.00
RNSS,10.00
HGE102-RGMINT,0.00
HGE101-RS,1.00
HGE101-S,1.00
HGE101-G,1.00
HGE097-RG,1.00
HGE097-G,1.00
HGE097-S,0.00
HGE076-RGMint,4.00
HGE076-GMint,3.00
HGE076-SMint,1.00
HGE073-G,0.00
HGE073-S,0.00
HGE068-RG,1.00
HGE068-G,0.00
HGE068-S,1.00
HGE066-S,0.00
HGE066-RG,0.00
HGE066-G,0.00
HGE065-S,1.00
HGE065-RG,0.00
HGE065-G,0.00
HGE064-S,2.00
HGE064-G,1.00
HGE064-RG,1.00
HGE063-G,0.00
HGE063-RG,0.00
HGE058-S,1.00
HGE058-RG,0.00
HGE057-G,1.00
HGE057-S,1.00
HGE057-RG,2.00
HGE040-G,0.00
HGE036-S,2.00
HGE036-RG,0.00
HGE036-G,0.00
HGE031-S,1.00
HGE031-RG,1.00
HGE031-G,1.00
HGE027-G,0.00
HGE024-S,0.00
HGE024-G,0.00
HGE024-GBLK,0.00
HGE019-RG,2.00
HGE019-S,2.00
HGE019-G,0.00
HGE018-G,0.00
HGE016-G,1.00
HGE016-RG,1.00
HGE016-S,1.00
HGE008-R,1.00
HGE008-G,1.00
HGE008-S,0.00
HGE006-G,1.00
HGE005-R,1.00
HGE005-G,1.00
HGE002-S,1.00
HGE002-RG,2.00
HGE002-G,1.00
HGE001-S,1.00
HGE001-RG,2.00
HGE001-G,2.00
HGE027-RG,0.00
HGE027-S,0.00
HGE040-S,0.00
HGE040-RG,0.00
HGE136G,2.00
HGE178G,0.00
HGE136RG,1.00
HGE178S,0.00
HGE179PG,0.00
HGE179PGP,0.00
HGE179PRG,1.00
HGE179PRGG,0.00
HGE179PS,3.00
HGE179PSL,0.00
KC2001C,1.00
KC2001F,1.00
KC47927,0.00
KC5112C,0.00
KC5219C,1.00
MB10323,0.00
MB10203,7.00
MBMMAT,1.00
PLANT20,9.00
PLANT24,0.00
PLANT30,0.00
PLANT34,3.00
PLANT39,2.00
PLANT59,0.00
PLANT65,2.00
TL4743,6.00
TL4744,5.00
TL4765,3.00
TL4780,1.00
TL4781,2.00
TL4787,4.00
TL8405,0.00
TL8411,1.00
